매장명,세팅된_키워드,수집된_리뷰수,키워드_적중률,네이버_월간_총검색량,상세_분석내역
달빛에구운고등어 아산온천점,"고등어구이, 생선구이, 아산모임, 가족모임, 가정식백반",49건,36.7%,"94,005회","[고등어구이: 리뷰 8회 | 검색량 23,430회] | [생선구이: 리뷰 10회 | 검색량 66,630회] | [아산모임: 리뷰 0회 | 검색량 25회] | [가족모임: 리뷰 0회 | 검색량 810회] | [가정식백반: 리뷰 0회 | 검색량 3,110회]"
달빛에구운고등어 관저점,"생선구이, 고등어, 화덕, 한식, 생선",31건,32.3%,"182,370회","[생선구이: 리뷰 1회 | 검색량 66,630회] | [고등어: 리뷰 5회 | 검색량 34,710회] | [화덕: 리뷰 0회 | 검색량 4,960회] | [한식: 리뷰 0회 | 검색량 67,300회] | [생선: 리뷰 4회 | 검색량 8,770회]"
달빛에구운고등어 계양구청점,"한정식, 점심, 가족모임, 연말모임, 인천어린이과학관",46건,23.9%,"82,870회","[한정식: 리뷰 0회 | 검색량 38,610회] | [점심: 리뷰 9회 | 검색량 17,160회] | [가족모임: 리뷰 2회 | 검색량 810회] | [연말모임: 리뷰 0회 | 검색량 40회] | [인천어린이과학관: 리뷰 0회 | 검색량 26,250회]"
달빛에구운고등어 용인유림점,"화덕생선구이, 고등어구이, 가족, 반찬, 단체",41건,19.5%,"111,080회","[화덕생선구이: 리뷰 0회 | 검색량 9,490회] | [고등어구이: 리뷰 1회 | 검색량 23,430회] | [가족: 리뷰 0회 | 검색량 14,800회] | [반찬: 리뷰 6회 | 검색량 60,560회] | [단체: 리뷰 1회 | 검색량 2,800회]"
달빛에구운고등어 오산점,"오산, 생선구이, 점심, 밥집, 고등어",42건,19.0%,"267,460회","[오산: 리뷰 0회 | 검색량 27,090회] | [생선구이: 리뷰 1회 | 검색량 66,630회] | [점심: 리뷰 6회 | 검색량 17,160회] | [밥집: 리뷰 0회 | 검색량 121,870회] | [고등어: 리뷰 1회 | 검색량 34,710회]"
달빛에구운고등어 광주진월점,"가족외식, 점심, 생선구이, 고등어갈치삼치구이고추장불고기, 밥집내돈내산가성비찐맛주차",51건,17.6%,"85,400회","[가족외식: 리뷰 0회 | 검색량 1,590회] | [점심: 리뷰 9회 | 검색량 17,160회] | [생선구이: 리뷰 0회 | 검색량 66,630회] | [고등어갈치삼치구이고추장불고기: 리뷰 0회 | 검색량 10회] | [밥집내돈내산가성비찐맛주차: 리뷰 0회 | 검색량 10회]"
달빛에구운고등어 전북도청점,"한식, 고등어, 생선, 정식, 점심특선",31건,16.1%,"121,800회","[한식: 리뷰 0회 | 검색량 67,300회] | [고등어: 리뷰 2회 | 검색량 34,710회] | [생선: 리뷰 3회 | 검색량 8,770회] | [정식: 리뷰 0회 | 검색량 5,160회] | [점심특선: 리뷰 0회 | 검색량 5,860회]"
달빛에구운고등어 중촌점,"중촌동, 선병원, 달빛에구운고등어, 생선구이, 달빛구운고등어",43건,11.6%,"293,100회","[중촌동: 리뷰 0회 | 검색량 1,380회] | [선병원: 리뷰 0회 | 검색량 3,670회] | [달빛에구운고등어: 리뷰 1회 | 검색량 111,050회] | [생선구이: 리뷰 4회 | 검색량 66,630회] | [달빛구운고등어: 리뷰 0회 | 검색량 110,370회]"
달빛에구운고등어 수원월드컵점,"수원생선구이, 화덕생선구이, 달빛고, 고등어구이, 생선구이",42건,9.5%,"102,260회","[수원생선구이: 리뷰 0회 | 검색량 1,420회] | [화덕생선구이: 리뷰 0회 | 검색량 9,490회] | [달빛고: 리뷰 1회 | 검색량 1,290회] | [고등어구이: 리뷰 0회 | 검색량 23,430회] | [생선구이: 리뷰 3회 | 검색량 66,630회]"
달빛에구운고등어 동탄예당마을점,"화덕생선구이, 프리미엄생선구이, 생선구이, 달빛고, 동탄생선구이",48건,8.3%,"79,645회","[화덕생선구이: 리뷰 0회 | 검색량 9,490회] | [프리미엄생선구이: 리뷰 0회 | 검색량 35회] | [생선구이: 리뷰 2회 | 검색량 66,630회] | [달빛고: 리뷰 0회 | 검색량 1,290회] | [동탄생선구이: 리뷰 2회 | 검색량 2,200회]"
달빛에구운고등어 수완장덕점,"생선구이, 고등어구이, 갈치구이, 가족식사부모님식사외식가성비, 점심내돈내산밥집주차찐맛",44건,6.8%,"97,160회","[생선구이: 리뷰 3회 | 검색량 66,630회] | [고등어구이: 리뷰 0회 | 검색량 23,430회] | [갈치구이: 리뷰 0회 | 검색량 7,080회] | [가족식사부모님식사외식가성비: 리뷰 0회 | 검색량 10회] | [점심내돈내산밥집주차찐맛: 리뷰 0회 | 검색량 10회]"
달빛에구운고등어 세종대평점,"달빛고, 화덕생선구이, 가족식사, 세종생선구이, 생선구이",44건,6.8%,"80,020회","[달빛고: 리뷰 1회 | 검색량 1,290회] | [화덕생선구이: 리뷰 0회 | 검색량 9,490회] | [가족식사: 리뷰 0회 | 검색량 1,210회] | [세종생선구이: 리뷰 0회 | 검색량 1,400회] | [생선구이: 리뷰 2회 | 검색량 66,630회]"
달빛에구운고등어 부산 명지국제신도시점,"화덕생선구이, 달빛고, 고등어구이, 무한리필, 외식",198건,6.6%,"73,140회","[화덕생선구이: 리뷰 0회 | 검색량 9,490회] | [달빛고: 리뷰 4회 | 검색량 1,290회] | [고등어구이: 리뷰 6회 | 검색량 23,430회] | [무한리필: 리뷰 1회 | 검색량 32,730회] | [외식: 리뷰 2회 | 검색량 6,200회]"
달빛에구운고등어 부산화명점,"달빛고, 가족외식, 무한리필, 화덕생선구이, 고등어구이",205건,5.9%,"68,530회","[달빛고: 리뷰 0회 | 검색량 1,290회] | [가족외식: 리뷰 1회 | 검색량 1,590회] | [무한리필: 리뷰 3회 | 검색량 32,730회] | [화덕생선구이: 리뷰 1회 | 검색량 9,490회] | [고등어구이: 리뷰 7회 | 검색량 23,430회]"
달빛에구운고등어 풍암점,"생선구이, 무한리필, 가족외식단체모임회식, 고등어구이갈침삼치고등어조림, 점심가성미내돈내산찐맛밥집",41건,4.9%,"99,390회","[생선구이: 리뷰 2회 | 검색량 66,630회] | [무한리필: 리뷰 0회 | 검색량 32,730회] | [가족외식단체모임회식: 리뷰 0회 | 검색량 10회] | [고등어구이갈침삼치고등어조림: 리뷰 0회 | 검색량 10회] | [점심가성미내돈내산찐맛밥집: 리뷰 0회 | 검색량 10회]"
달빛에구운고등어 김제점,"고등어구이, 모듬구이, 삼치구이, 생선구이",42건,4.8%,"97,230회","[고등어구이: 리뷰 0회 | 검색량 23,430회] | [모듬구이: 리뷰 0회 | 검색량 120회] | [삼치구이: 리뷰 0회 | 검색량 7,050회] | [생선구이: 리뷰 2회 | 검색량 66,630회]"
달빛에구운고등어 상무점,"고등어구이, 생선구이, 갈치구이, 근처, 동네",43건,4.7%,"114,190회","[고등어구이: 리뷰 0회 | 검색량 23,430회] | [생선구이: 리뷰 2회 | 검색량 66,630회] | [갈치구이: 리뷰 0회 | 검색량 7,080회] | [근처: 리뷰 0회 | 검색량 9,290회] | [동네: 리뷰 0회 | 검색량 7,760회]"
달빛에구운고등어 천안구성점,"달빛고, 천안생선구이, 생선구이, 가족외식, 무한리필",43건,4.7%,"104,060회","[달빛고: 리뷰 0회 | 검색량 1,290회] | [천안생선구이: 리뷰 0회 | 검색량 1,820회] | [생선구이: 리뷰 0회 | 검색량 66,630회] | [가족외식: 리뷰 0회 | 검색량 1,590회] | [무한리필: 리뷰 2회 | 검색량 32,730회]"
달빛에구운고등어 화성향남점,"고등어구이, 향남생선구이, 향남가족외식, 화덕생선구이, 달빛고",43건,4.7%,"34,795회","[고등어구이: 리뷰 2회 | 검색량 23,430회] | [향남생선구이: 리뷰 0회 | 검색량 560회] | [향남가족외식: 리뷰 0회 | 검색량 25회] | [화덕생선구이: 리뷰 0회 | 검색량 9,490회] | [달빛고: 리뷰 0회 | 검색량 1,290회]"
달빛에구운고등어 대전관평점,"생선구이, 화덕생선구이, 달빛고, 대전생선구이",45건,4.4%,"79,460회","[생선구이: 리뷰 2회 | 검색량 66,630회] | [화덕생선구이: 리뷰 0회 | 검색량 9,490회] | [달빛고: 리뷰 0회 | 검색량 1,290회] | [대전생선구이: 리뷰 0회 | 검색량 2,050회]"
달빛에구운고등어 파주운정점,"달빛고, 화덕생선구이, 점심식사, 무한리필, 고등어구이",55건,3.6%,"69,110회","[달빛고: 리뷰 0회 | 검색량 1,290회] | [화덕생선구이: 리뷰 0회 | 검색량 9,490회] | [점심식사: 리뷰 0회 | 검색량 2,170회] | [무한리필: 리뷰 2회 | 검색량 32,730회] | [고등어구이: 리뷰 0회 | 검색량 23,430회]"
달빛에구운고등어 파주심학산점,"달빛고, 화덕생선구이, 가족외식, 무한리필, 고등어구이",208건,3.4%,"68,530회","[달빛고: 리뷰 0회 | 검색량 1,290회] | [화덕생선구이: 리뷰 0회 | 검색량 9,490회] | [가족외식: 리뷰 1회 | 검색량 1,590회] | [무한리필: 리뷰 2회 | 검색량 32,730회] | [고등어구이: 리뷰 4회 | 검색량 23,430회]"
달빛에구운고등어 도마점,"고등어구이, 생선구이, 갈치구이, 삼치구이, 보리굴비",31건,3.2%,"128,570회","[고등어구이: 리뷰 0회 | 검색량 23,430회] | [생선구이: 리뷰 1회 | 검색량 66,630회] | [갈치구이: 리뷰 0회 | 검색량 7,080회] | [삼치구이: 리뷰 0회 | 검색량 7,050회] | [보리굴비: 리뷰 0회 | 검색량 24,380회]"
달빛에구운고등어 남양주별내점,"달빛고, 고등어구이, 화덕생선구이, 무한리필, 외식",63건,3.2%,"73,140회","[달빛고: 리뷰 0회 | 검색량 1,290회] | [고등어구이: 리뷰 1회 | 검색량 23,430회] | [화덕생선구이: 리뷰 0회 | 검색량 9,490회] | [무한리필: 리뷰 1회 | 검색량 32,730회] | [외식: 리뷰 0회 | 검색량 6,200회]"
달빛에구운고등어 부안점,"달빛고, 부안생선구이, 화덕생선구이, 부안군생선구이, 부안고등어",64건,3.1%,"11,005회","[달빛고: 리뷰 2회 | 검색량 1,290회] | [부안생선구이: 리뷰 0회 | 검색량 190회] | [화덕생선구이: 리뷰 0회 | 검색량 9,490회] | [부안군생선구이: 리뷰 0회 | 검색량 10회] | [부안고등어: 리뷰 0회 | 검색량 25회]"
달빛에구운고등어 첨단점,"생선구이, 갈치구이, 고등어구이, 삼치구이, 달빛고",35건,2.9%,"105,480회","[생선구이: 리뷰 1회 | 검색량 66,630회] | [갈치구이: 리뷰 0회 | 검색량 7,080회] | [고등어구이: 리뷰 0회 | 검색량 23,430회] | [삼치구이: 리뷰 0회 | 검색량 7,050회] | [달빛고: 리뷰 0회 | 검색량 1,290회]"
달빛에구운고등어 논산점,"논산훈련소, 딸기축제, 날씨, 탑정호, 선샤인랜드",36건,2.8%,"32,964,670회","[논산훈련소: 리뷰 0회 | 검색량 50,760회] | [딸기축제: 리뷰 0회 | 검색량 33,070회] | [날씨: 리뷰 0회 | 검색량 32,871,000회] | [탑정호: 리뷰 1회 | 검색량 5,100회] | [선샤인랜드: 리뷰 0회 | 검색량 4,740회]"
달빛에구운고등어 천안신방점,"화덕생선구이, 점심식사, 달빛고, 고등어구이, 무한리필",36건,2.8%,"69,110회","[화덕생선구이: 리뷰 0회 | 검색량 9,490회] | [점심식사: 리뷰 0회 | 검색량 2,170회] | [달빛고: 리뷰 0회 | 검색량 1,290회] | [고등어구이: 리뷰 1회 | 검색량 23,430회] | [무한리필: 리뷰 0회 | 검색량 32,730회]"
달빛에구운고등어 남원점,"달빛고, 화덕생선구이, 남원생선구이, 가족식사, 남원외식",36건,2.8%,"12,235회","[달빛고: 리뷰 1회 | 검색량 1,290회] | [화덕생선구이: 리뷰 0회 | 검색량 9,490회] | [남원생선구이: 리뷰 0회 | 검색량 230회] | [가족식사: 리뷰 0회 | 검색량 1,210회] | [남원외식: 리뷰 0회 | 검색량 15회]"
달빛에구운고등어 모현점,"점심, 부모님식사가족식사, 익산생선구이, 익산역, 모현동저녁",37건,2.7%,"46,165회","[점심: 리뷰 1회 | 검색량 17,160회] | [부모님식사가족식사: 리뷰 0회 | 검색량 10회] | [익산생선구이: 리뷰 0회 | 검색량 790회] | [익산역: 리뷰 0회 | 검색량 28,170회] | [모현동저녁: 리뷰 0회 | 검색량 35회]"
달빛에구운고등어 부산동래점,"달빛고, 화덕생선구이, 고등어구이, 가족외식, 무한리필",39건,2.6%,"68,530회","[달빛고: 리뷰 0회 | 검색량 1,290회] | [화덕생선구이: 리뷰 0회 | 검색량 9,490회] | [고등어구이: 리뷰 1회 | 검색량 23,430회] | [가족외식: 리뷰 0회 | 검색량 1,590회] | [무한리필: 리뷰 0회 | 검색량 32,730회]"
달빛에구운고등어 나주혁신점,"달빛고, 화덕생선구이, 고등어구이, 무한리필, 외식",40건,2.5%,"73,140회","[달빛고: 리뷰 0회 | 검색량 1,290회] | [화덕생선구이: 리뷰 0회 | 검색량 9,490회] | [고등어구이: 리뷰 0회 | 검색량 23,430회] | [무한리필: 리뷰 1회 | 검색량 32,730회] | [외식: 리뷰 0회 | 검색량 6,200회]"
달빛에구운고등어 당진시청점,"달빛고, 화덕생선구이, 고등어구이, 갈치구이, 계란말이",40건,2.5%,"59,600회","[달빛고: 리뷰 0회 | 검색량 1,290회] | [화덕생선구이: 리뷰 0회 | 검색량 9,490회] | [고등어구이: 리뷰 1회 | 검색량 23,430회] | [갈치구이: 리뷰 0회 | 검색량 7,080회] | [계란말이: 리뷰 0회 | 검색량 18,310회]"
달빛에구운고등어 세종장군점,"달빛고, 화덕생선구이, 고등어구이, 가족외식, 무한리필",43건,2.3%,"68,530회","[달빛고: 리뷰 0회 | 검색량 1,290회] | [화덕생선구이: 리뷰 0회 | 검색량 9,490회] | [고등어구이: 리뷰 0회 | 검색량 23,430회] | [가족외식: 리뷰 1회 | 검색량 1,590회] | [무한리필: 리뷰 0회 | 검색량 32,730회]"
달빛에구운고등어 일곡삼각점,"달빛고, 화덕생선구이, 가족외식, 무한리필, 고등어구이",94건,2.1%,"68,530회","[달빛고: 리뷰 1회 | 검색량 1,290회] | [화덕생선구이: 리뷰 0회 | 검색량 9,490회] | [가족외식: 리뷰 0회 | 검색량 1,590회] | [무한리필: 리뷰 0회 | 검색량 32,730회] | [고등어구이: 리뷰 1회 | 검색량 23,430회]"
달빛에구운고등어 부천약대오거리점,"화덕생선구이, 고등어구이, 가족식사, 달빛고, 무한리필",48건,2.1%,"68,150회","[화덕생선구이: 리뷰 0회 | 검색량 9,490회] | [고등어구이: 리뷰 0회 | 검색량 23,430회] | [가족식사: 리뷰 0회 | 검색량 1,210회] | [달빛고: 리뷰 1회 | 검색량 1,290회] | [무한리필: 리뷰 0회 | 검색량 32,730회]"
달빛에구운고등어 광양점,"화덕생선구이, 무한리필, 한정식, 고등어구이, 달빛고",50건,2.0%,"105,550회","[화덕생선구이: 리뷰 0회 | 검색량 9,490회] | [무한리필: 리뷰 0회 | 검색량 32,730회] | [한정식: 리뷰 0회 | 검색량 38,610회] | [고등어구이: 리뷰 1회 | 검색량 23,430회] | [달빛고: 리뷰 0회 | 검색량 1,290회]"
달빛에구운고등어 김포양촌구래점,"달빛고, 고등어구이, 화덕생선구이, 가족외식, 무한리필",50건,2.0%,"68,530회","[달빛고: 리뷰 0회 | 검색량 1,290회] | [고등어구이: 리뷰 0회 | 검색량 23,430회] | [화덕생선구이: 리뷰 0회 | 검색량 9,490회] | [가족외식: 리뷰 0회 | 검색량 1,590회] | [무한리필: 리뷰 1회 | 검색량 32,730회]"
달빛에구운고등어 대구칠곡점,"달빛고, 화덕생선구이, 한정식, 가족식사, 고등어구이",59건,1.7%,"74,030회","[달빛고: 리뷰 0회 | 검색량 1,290회] | [화덕생선구이: 리뷰 0회 | 검색량 9,490회] | [한정식: 리뷰 0회 | 검색량 38,610회] | [가족식사: 리뷰 0회 | 검색량 1,210회] | [고등어구이: 리뷰 1회 | 검색량 23,430회]"
달빛에구운고등어 양산물금점,"달빛고, 무한리필, 한정식, 가족식사, 양산물금화덕생선구이",,1.2%,"73,860회",
달빛에구운고등어 대전효동점,"대전고등어, 대전생선구이, 대전효동생선구이, 대전효동고등어, 달빛에구운고등어대전",164건,0.6%,"2,930회","[대전고등어: 리뷰 0회 | 검색량 170회] | [대전생선구이: 리뷰 0회 | 검색량 2,050회] | [대전효동생선구이: 리뷰 0회 | 검색량 15회] | [대전효동고등어: 리뷰 0회 | 검색량 15회] | [달빛에구운고등어대전: 리뷰 1회 | 검색량 680회]"
달빛에구운고등어 군산미장점,"고등어구이, 생선구이, 달빛에구운고등어, 군산생선구이, 군산외식",34건,0.0%,"203,845회","[고등어구이: 리뷰 0회 | 검색량 23,430회] | [생선구이: 리뷰 0회 | 검색량 66,630회] | [달빛에구운고등어: 리뷰 0회 | 검색량 111,050회] | [군산생선구이: 리뷰 0회 | 검색량 2,680회] | [군산외식: 리뷰 0회 | 검색량 55회]"
달빛에구운고등어 분평점,"생선구이, 한식, 고등어구이정식, 달빛고, 청주분평점",43건,0.0%,"135,510회","[생선구이: 리뷰 0회 | 검색량 66,630회] | [한식: 리뷰 0회 | 검색량 67,300회] | [고등어구이정식: 리뷰 0회 | 검색량 280회] | [달빛고: 리뷰 0회 | 검색량 1,290회] | [청주분평점: 리뷰 0회 | 검색량 10회]"
달빛에구운고등어 평택송탄점,"한정식, 한식, 화덕생선구이, 가족모임, 건강식",44건,0.0%,"120,180회","[한정식: 리뷰 0회 | 검색량 38,610회] | [한식: 리뷰 0회 | 검색량 67,300회] | [화덕생선구이: 리뷰 0회 | 검색량 9,490회] | [가족모임: 리뷰 0회 | 검색량 810회] | [건강식: 리뷰 0회 | 검색량 3,970회]"
달빛에구운고등어 목포대양점,"생선구이, 고등어, 목포생선구이, 점심식사, 삼향동식당",34건,0.0%,"104,770회","[생선구이: 리뷰 0회 | 검색량 66,630회] | [고등어: 리뷰 0회 | 검색량 34,710회] | [목포생선구이: 리뷰 0회 | 검색량 1,250회] | [점심식사: 리뷰 0회 | 검색량 2,170회] | [삼향동식당: 리뷰 0회 | 검색량 10회]"
달빛에구운고등어 인천송도점,"송현아식당, 송도단체모임식당, 한식, 가족모임식당, 스마트스퀘어식당",46건,0.0%,"70,735회","[송현아식당: 리뷰 0회 | 검색량 600회] | [송도단체모임식당: 리뷰 0회 | 검색량 10회] | [한식: 리뷰 0회 | 검색량 67,300회] | [가족모임식당: 리뷰 0회 | 검색량 2,800회] | [스마트스퀘어식당: 리뷰 0회 | 검색량 25회]"
달빛에구운고등어 원주우산점,"달빛고, 화덕생선구이, 고등어구이, 무한리필, 가족외식",35건,0.0%,"68,530회","[달빛고: 리뷰 0회 | 검색량 1,290회] | [화덕생선구이: 리뷰 0회 | 검색량 9,490회] | [고등어구이: 리뷰 0회 | 검색량 23,430회] | [무한리필: 리뷰 0회 | 검색량 32,730회] | [가족외식: 리뷰 0회 | 검색량 1,590회]"
달빛에구운고등어 목포하당점,"고등어구이, 달빛고, 화덕생선구이, 무한리필, 가족외식",37건,0.0%,"68,530회","[고등어구이: 리뷰 0회 | 검색량 23,430회] | [달빛고: 리뷰 0회 | 검색량 1,290회] | [화덕생선구이: 리뷰 0회 | 검색량 9,490회] | [무한리필: 리뷰 0회 | 검색량 32,730회] | [가족외식: 리뷰 0회 | 검색량 1,590회]"
달빛에구운고등어 진주혁신점,"달빛고, 고등어구이, 화덕생선구이, 가족외식, 무한리필",36건,0.0%,"68,530회","[달빛고: 리뷰 0회 | 검색량 1,290회] | [고등어구이: 리뷰 0회 | 검색량 23,430회] | [화덕생선구이: 리뷰 0회 | 검색량 9,490회] | [가족외식: 리뷰 0회 | 검색량 1,590회] | [무한리필: 리뷰 0회 | 검색량 32,730회]"
달빛에구운고등어 수원망포점,"달빛고, 고등어구이, 화덕생선구이, 가족외식, 무한리필",41건,0.0%,"68,530회","[달빛고: 리뷰 0회 | 검색량 1,290회] | [고등어구이: 리뷰 0회 | 검색량 23,430회] | [화덕생선구이: 리뷰 0회 | 검색량 9,490회] | [가족외식: 리뷰 0회 | 검색량 1,590회] | [무한리필: 리뷰 0회 | 검색량 32,730회]"
달빛에구운고등어 순천신대점,"달빛고, 고등어구이, 화덕생선구이, 가족외식, 무한리필",30건,0.0%,"68,530회","[달빛고: 리뷰 0회 | 검색량 1,290회] | [고등어구이: 리뷰 0회 | 검색량 23,430회] | [화덕생선구이: 리뷰 0회 | 검색량 9,490회] | [가족외식: 리뷰 0회 | 검색량 1,590회] | [무한리필: 리뷰 0회 | 검색량 32,730회]"
달빛에구운고등어 부산괴정점,"달빛고, 고등어구이, 화덕생선구이, 가족외식, 무한리필",38건,0.0%,"68,530회","[달빛고: 리뷰 0회 | 검색량 1,290회] | [고등어구이: 리뷰 0회 | 검색량 23,430회] | [화덕생선구이: 리뷰 0회 | 검색량 9,490회] | [가족외식: 리뷰 0회 | 검색량 1,590회] | [무한리필: 리뷰 0회 | 검색량 32,730회]"
달빛에구운고등어 포항이동점,"달빛고, 고등어구이, 화덕생선구이, 가족외식, 무한리필",40건,0.0%,"68,530회","[달빛고: 리뷰 0회 | 검색량 1,290회] | [고등어구이: 리뷰 0회 | 검색량 23,430회] | [화덕생선구이: 리뷰 0회 | 검색량 9,490회] | [가족외식: 리뷰 0회 | 검색량 1,590회] | [무한리필: 리뷰 0회 | 검색량 32,730회]"
달빛에구운고등어 울산일산점,"달빛고, 화덕생선구이, 가족외식, 무한리필, 고등어구이",43건,0.0%,"68,530회","[달빛고: 리뷰 0회 | 검색량 1,290회] | [화덕생선구이: 리뷰 0회 | 검색량 9,490회] | [가족외식: 리뷰 0회 | 검색량 1,590회] | [무한리필: 리뷰 0회 | 검색량 32,730회] | [고등어구이: 리뷰 0회 | 검색량 23,430회]"
달빛에구운고등어 부산센텀점,"달빛고, 고등어구이, 화덕생선구이, 가족식사, 무한리필",39건,0.0%,"68,150회","[달빛고: 리뷰 0회 | 검색량 1,290회] | [고등어구이: 리뷰 0회 | 검색량 23,430회] | [화덕생선구이: 리뷰 0회 | 검색량 9,490회] | [가족식사: 리뷰 0회 | 검색량 1,210회] | [무한리필: 리뷰 0회 | 검색량 32,730회]"
달빛에구운고등어 여수시청점,"점심식사, 무한리필, 화덕생선구이, 고등어구이",44건,0.0%,"67,820회","[점심식사: 리뷰 0회 | 검색량 2,170회] | [무한리필: 리뷰 0회 | 검색량 32,730회] | [화덕생선구이: 리뷰 0회 | 검색량 9,490회] | [고등어구이: 리뷰 0회 | 검색량 23,430회]"
달빛에구운고등어 포항양덕점,"화덕생선구이, 무한리필, 가족외식, 고등어구이",42건,0.0%,"67,240회","[화덕생선구이: 리뷰 0회 | 검색량 9,490회] | [무한리필: 리뷰 0회 | 검색량 32,730회] | [가족외식: 리뷰 0회 | 검색량 1,590회] | [고등어구이: 리뷰 0회 | 검색량 23,430회]"
달빛에구운고등어 청주지웰점,"화덕생선구이, 고등어구이, 갈치구이, 가족식사, 아침식사",34건,0.0%,"58,230회","[화덕생선구이: 리뷰 0회 | 검색량 9,490회] | [고등어구이: 리뷰 0회 | 검색량 23,430회] | [갈치구이: 리뷰 0회 | 검색량 7,080회] | [가족식사: 리뷰 0회 | 검색량 1,210회] | [아침식사: 리뷰 0회 | 검색량 17,020회]"
달빛에구운고등어 부산송정점,"달빛고, 화덕생선구이, 송정생선구이, 무한리필, 해운대생선구이",41건,0.0%,"45,670회","[달빛고: 리뷰 0회 | 검색량 1,290회] | [화덕생선구이: 리뷰 0회 | 검색량 9,490회] | [송정생선구이: 리뷰 0회 | 검색량 750회] | [무한리필: 리뷰 0회 | 검색량 32,730회] | [해운대생선구이: 리뷰 0회 | 검색량 1,410회]"
달빛에구운고등어 서산점,"화덕생선구이, 고등어구이, 달빛고, 갈치구이, 가족식사",34건,0.0%,"42,500회","[화덕생선구이: 리뷰 0회 | 검색량 9,490회] | [고등어구이: 리뷰 0회 | 검색량 23,430회] | [달빛고: 리뷰 0회 | 검색량 1,290회] | [갈치구이: 리뷰 0회 | 검색량 7,080회] | [가족식사: 리뷰 0회 | 검색량 1,210회]"
달빛에구운고등어 진해점,"고등어구이, 화덕생선구이, 진해점심, 진해밥집, 달빛고",36건,0.0%,"38,100회","[고등어구이: 리뷰 0회 | 검색량 23,430회] | [화덕생선구이: 리뷰 0회 | 검색량 9,490회] | [진해점심: 리뷰 0회 | 검색량 670회] | [진해밥집: 리뷰 0회 | 검색량 3,220회] | [달빛고: 리뷰 0회 | 검색량 1,290회]"
달빛에구운고등어 청주율량점,"달빛고, 화덕생선구이, 청주생선구이, 고등어구이, 모듬생선구이",50건,0.0%,"36,590회","[달빛고: 리뷰 0회 | 검색량 1,290회] | [화덕생선구이: 리뷰 0회 | 검색량 9,490회] | [청주생선구이: 리뷰 0회 | 검색량 1,840회] | [고등어구이: 리뷰 0회 | 검색량 23,430회] | [모듬생선구이: 리뷰 0회 | 검색량 540회]"
달빛에구운고등어 평화점,"평화동생선구이, 전주생선구이, 화덕생선구이, 고등어구이, 달빛고",33건,0.0%,"35,795회","[평화동생선구이: 리뷰 0회 | 검색량 35회] | [전주생선구이: 리뷰 0회 | 검색량 1,550회] | [화덕생선구이: 리뷰 0회 | 검색량 9,490회] | [고등어구이: 리뷰 0회 | 검색량 23,430회] | [달빛고: 리뷰 0회 | 검색량 1,290회]"
달빛에구운고등어 순천법원점,"달빛고, 고등어구이, 순천생선구이, 순천가족식사, 순천한식",37건,0.0%,"26,995회","[달빛고: 리뷰 0회 | 검색량 1,290회] | [고등어구이: 리뷰 0회 | 검색량 23,430회] | [순천생선구이: 리뷰 0회 | 검색량 1,090회] | [순천가족식사: 리뷰 0회 | 검색량 75회] | [순천한식: 리뷰 0회 | 검색량 1,110회]"
달빛에구운고등어 보령점,"달빛고, 보령가족외식, 고등어구이, 생선도시락, 점심식사",33건,0.0%,"26,985회","[달빛고: 리뷰 0회 | 검색량 1,290회] | [보령가족외식: 리뷰 0회 | 검색량 25회] | [고등어구이: 리뷰 0회 | 검색량 23,430회] | [생선도시락: 리뷰 0회 | 검색량 70회] | [점심식사: 리뷰 0회 | 검색량 2,170회]"
달빛에구운고등어 정읍점,"달빛고, 정읍생선구이, 정읍가족식사, 정읍무한리필, 고등어구이",30건,0.0%,"25,125회","[달빛고: 리뷰 0회 | 검색량 1,290회] | [정읍생선구이: 리뷰 0회 | 검색량 270회] | [정읍가족식사: 리뷰 0회 | 검색량 15회] | [정읍무한리필: 리뷰 0회 | 검색량 120회] | [고등어구이: 리뷰 0회 | 검색량 23,430회]"
달빛에구운고등어 대구시지점,"달빛고, 화덕생선구이, 대구생선구이, 경산생선구이, 가족식사",39건,0.0%,"14,450회","[달빛고: 리뷰 0회 | 검색량 1,290회] | [화덕생선구이: 리뷰 0회 | 검색량 9,490회] | [대구생선구이: 리뷰 0회 | 검색량 1,630회] | [경산생선구이: 리뷰 0회 | 검색량 830회] | [가족식사: 리뷰 0회 | 검색량 1,210회]"
달빛에구운고등어 송천점,"달빛고, 화덕생선구이, 전주생선구이, 가족식사, 송천동생선구이",39건,0.0%,"13,625회","[달빛고: 리뷰 0회 | 검색량 1,290회] | [화덕생선구이: 리뷰 0회 | 검색량 9,490회] | [전주생선구이: 리뷰 0회 | 검색량 1,550회] | [가족식사: 리뷰 0회 | 검색량 1,210회] | [송천동생선구이: 리뷰 0회 | 검색량 85회]"
달빛에구운고등어 만성점,"화덕생선구이, 화덕고등어구이, 뚝배기고등어조림, 화덕임연수구이, 화덕삼치구이",40건,0.0%,"12,070회","[화덕생선구이: 리뷰 0회 | 검색량 9,490회] | [화덕고등어구이: 리뷰 0회 | 검색량 2,550회] | [뚝배기고등어조림: 리뷰 0회 | 검색량 10회] | [화덕임연수구이: 리뷰 0회 | 검색량 10회] | [화덕삼치구이: 리뷰 0회 | 검색량 10회]"
달빛에구운고등어 용인죽전점,"달빛고, 죽전생선구이, 화덕생선구이, 죽전고등어, 용인고등어",33건,0.0%,"11,720회","[달빛고: 리뷰 0회 | 검색량 1,290회] | [죽전생선구이: 리뷰 0회 | 검색량 430회] | [화덕생선구이: 리뷰 0회 | 검색량 9,490회] | [죽전고등어: 리뷰 0회 | 검색량 160회] | [용인고등어: 리뷰 0회 | 검색량 350회]"
달빛에구운고등어 유가현풍점,"달빛고, 현풍생선구이, 화덕생선구이, 유가생선구이, 테크노폴리스생선구이",44건,0.0%,"11,135회","[달빛고: 리뷰 0회 | 검색량 1,290회] | [현풍생선구이: 리뷰 0회 | 검색량 300회] | [화덕생선구이: 리뷰 0회 | 검색량 9,490회] | [유가생선구이: 리뷰 0회 | 검색량 10회] | [테크노폴리스생선구이: 리뷰 0회 | 검색량 45회]"
달빛에구운고등어 대전월드컵점,"유성생선구이, 구암역생선구이, 현충원역생선구이, 월드컵경기장생선구이, 장대동생선구이",37건,0.0%,405회,[유성생선구이: 리뷰 0회 | 검색량 310회] | [구암역생선구이: 리뷰 0회 | 검색량 15회] | [현충원역생선구이: 리뷰 0회 | 검색량 10회] | [월드컵경기장생선구이: 리뷰 0회 | 검색량 45회] | [장대동생선구이: 리뷰 0회 | 검색량 25회]
달빛에구운고등어 평택비전점,"평택대학교근처점심저녁생선구이, 소사벌주변찐단체회식가성비식당, 평택역내돈내산직장인배달고등어, 내돈내산단체모임가족밥집달빛고, 시청",42건,0.0%,50회,[평택대학교근처점심저녁생선구이: 리뷰 0회 | 검색량 10회] | [소사벌주변찐단체회식가성비식당: 리뷰 0회 | 검색량 10회] | [평택역내돈내산직장인배달고등어: 리뷰 0회 | 검색량 10회] | [내돈내산단체모임가족밥집달빛고: 리뷰 0회 | 검색량 10회] | [시청: 리뷰 0회 | 검색량 10회]
달빛에구운고등어 어양점,키워드 미설정,40건,0.0%,0회,
달빛에 구운 고등어 전주아중점,키워드 미설정,199건,0.0%,0회,
